Đệm chống lở loét	Phao và đệm hơi giúp phân tán áp lực, phòng ngừa và hỗ trợ điều trị loét tì đè cho người nằm hoặc ngồi lâu.
Máy trợ thính	Thiết bị khuếch đại âm thanh cho người nghe kém, lãng tai; có loại dây đeo, móc vành tai và nhét trong tai.
Máy tăm nước	Máy dùng tia nước áp lực làm sạch kẽ răng, khe nướu, hỗ trợ ngừa viêm nướu, phù hợp người niềng răng, implant.
Miếng dán mụn	Miếng dán hydrocolloid hút dịch mủ, nhân mụn, kháng khuẩn và hạn chế thâm sẹo.
Mặt nạ xông hơi mắt	Mặt nạ tự sinh nhiệt giúp thư giãn mắt, giảm mỏi mắt và hỗ trợ ngủ ngon.
Máy hút áp lực âm (VAC)	Máy điều trị vết thương bằng áp lực âm (NPWT), hút dịch, giảm phù nề và kích thích mô hạt cho vết thương mạn tính, khó lành.
Bộ gạc áp lực âm (VAC)	Bộ gạc xốp phủ vết thương dùng kèm máy hút áp lực âm, có chức năng rửa và dẫn lưu dịch trong hệ thống khép kín.
Miếng dán khép miệng vết thương	Miếng dán thay chỉ khâu hoặc kim bấm da, khép miệng vết thương sau phẫu thuật, tiểu phẫu hoặc chấn thương.
Xịt bảo vệ da	Dung dịch xịt tạo màng phim bảo vệ da khỏi nước tiểu, phân, dịch tiết, ngừa hăm và loét da.
Băng dán hydrocolloid	Băng dán tạo môi trường ẩm cho vết thương tiết dịch ít đến trung bình, giúp mau lành, hạn chế sẹo, chống nước.
Gel bôi vết thương	Gel giữ ẩm, kháng khuẩn và tái tạo mô cho vết thương hở, bỏng, trầy xước, loét, vết mổ.
Dung dịch sát khuẩn vết thương	Dung dịch rửa và xịt kháng khuẩn làm sạch vết thương, không đau xót, giúp vết thương mau lành.
Bông tẩm cồn	Miếng bông tẩm cồn sát khuẩn da trước khi tiêm hoặc thử đường huyết.
Gạc xốp hút dịch	Gạc xốp polyurethane hoặc alginate thấm hút dịch mạnh, có loại viền dính silicone và tẩm bạc, dùng cho vết thương, vết loét tiết dịch nhiều.
Gạc lưới chống dính	Gạc lưới không dính vết thương, có loại tẩm bạc kháng khuẩn; thay băng không đau, dùng cho bỏng, trầy xước, vết loét.
Gel trị sẹo	Kem gel silicone làm mềm, làm phẳng và mờ sẹo lồi, sẹo phì đại, sẹo thâm.
Miếng dán trị sẹo	Miếng dán silicone y tế làm phẳng và mờ sẹo lồi, sẹo thâm sau phẫu thuật, bỏng, chấn thương.
Băng gạc vô trùng	Băng gạc tiệt trùng có hoặc không có gạc, nhiều loại chống nước, dùng băng vết thương, vết mổ.
Băng keo cá nhân	Băng keo có gạc sát khuẩn bảo vệ vết cắt, trầy xước nhỏ; nhiều chất liệu, màu da, trong suốt và in hình trẻ em.
Băng keo cuộn	Băng keo cuộn vải, giấy, lụa dùng cố định băng gạc, ống truyền, kim luồn.
Băng keo cố định kim luồn	Miếng dán chuyên dụng cố định kim luồn tĩnh mạch, có hoặc không có gạc, chống nước.
Xịt lạnh giảm đau	Bình xịt làm lạnh tức thời giúp giảm đau, giảm sưng khi bong gân, va chạm, chấn thương thể thao.
Đai hỗ trợ đầu gối	Đai và băng thun bảo vệ, cố định khớp gối khi tập luyện, vận động hoặc phục hồi chấn thương.
Đai lưng cột sống	Đai cố định, nâng đỡ thắt lưng và cột sống, hỗ trợ giảm đau lưng, thoát vị đĩa đệm.
Đai chống gù lưng	Đai điều chỉnh tư thế, hỗ trợ giữ lưng thẳng, ngăn ngừa và cải thiện gù lưng.
Vớ y khoa giãn tĩnh mạch	Vớ nén y khoa dạng gối, đùi, bắp chân hỗ trợ phòng ngừa và điều trị suy giãn tĩnh mạch.
Đai chườm thảo dược	Đai và gối chườm thảo dược làm nóng bằng điện cho cổ, vai gáy, lưng bụng, bàn chân, giúp giảm đau, thư giãn.
Máy massage xung điện	Máy trị liệu xung điện giúp giảm đau cơ, khớp, thư giãn và cải thiện tuần hoàn.
Miếng dán điện cực	Miếng dán điện cực thay thế dùng cho máy massage xung điện.
Găng tay robot phục hồi chức năng	Găng tay robot hỗ trợ tập vận động, phục hồi chức năng bàn tay sau tai biến, chấn thương.
Túi hậu môn nhân tạo	Túi hứng chất thải cho người có hậu môn nhân tạo, gồm loại 1 mảnh, 2 mảnh, bộ túi kèm đế, loại cho trẻ em và sơ sinh.
Đế hậu môn nhân tạo	Đế dán (lồi, phẳng, có/không viền vải) dùng kèm túi hậu môn nhân tạo 2 mảnh.
Phụ kiện hậu môn nhân tạo	Bột hút ẩm, kem/keo làm đầy chống rò rỉ, vòng bảo vệ da, chai xịt tẩy keo, dây nịt, khóa kẹp hỗ trợ chăm sóc hậu môn nhân tạo.
Túi nước tiểu nhân tạo	Túi hứng nước tiểu cho người có lỗ mở niệu quản ra da (urostomy).
Dụng cụ tập thở	Phế dung kế giúp tập thở, tăng dung tích phổi, phục hồi chức năng hô hấp sau phẫu thuật.
Mask thanh quản	Mask thanh quản 1 nòng, 2 nòng kiểm soát đường thở trong gây mê và cấp cứu.
Dây thở oxy	Dây thở oxy qua mũi 2 nhánh dùng kèm máy tạo oxy hoặc bình oxy.
Mặt nạ oxy & xông khí dung	Mặt nạ thở oxy và mặt nạ xông khí dung dùng kèm máy tạo oxy, máy xông.
Dây hút đàm	Dây hút đàm nhớt có/không kiểm soát và hệ thống hút đờm kín.
Máy hút dịch	Máy hút đàm, hút dịch dùng tại bệnh viện và gia đình.
Ống mở khí quản	Ống mở khí quản 2 nòng có/không bóng, có/không cửa sổ, có loại kèm ống hút trên bóng.
Bộ mở khí quản	Bộ dụng cụ mở khí quản cấp cứu và mở khí quản nhanh qua da.
Phụ kiện mở khí quản	Nòng trong, gạc, dây đai cố định, mũi nhân tạo làm ẩm và van tập nói dùng cho người mở khí quản.
Ống nội khí quản	Ống nội khí quản các loại (có bóng, hút trên bóng, 2 nòng) và ống chẹn phế quản cô lập phổi.
Dụng cụ đặt & cố định nội khí quản	Cây nòng đặt nội khí quản (stylet, bougie), dụng cụ cố định ống chống cắn và đồng hồ đo áp lực bóng chèn.
Máy tạo oxy	Máy tạo oxy 5 lít, 10 lít, có loại tích hợp xông khí dung, cung cấp oxy cho người bệnh hô hấp tại nhà.
Máy xông khí dung	Máy phun sương thuốc hỗ trợ điều trị bệnh đường hô hấp như hen, viêm phế quản.
Máy trợ thở	Máy trợ thở CPAP, BiPAP hỗ trợ điều trị ngưng thở khi ngủ và suy hô hấp.
Phin lọc máy thở	Phin lọc HME giữ ẩm, giữ nhiệt và lọc khuẩn cho đường thở khi dùng máy thở.
Máy đo đường huyết	Máy đo đường huyết cá nhân, có loại 3 trong 1 đo cả mỡ máu và axit uric (gút).
Que thử	Que thử đường huyết, cholesterol, axit uric dùng cho máy đo tương ứng.
Hệ thống đo đường huyết liên tục (CGM)	Hệ thống, cảm biến, bộ truyền tín hiệu và dụng cụ gắn cảm biến theo dõi đường huyết liên tục.
Máy đo huyết áp	Máy đo huyết áp bắp tay tự động, có loại kết nối Bluetooth.
Máy đo SpO2	Máy đo nồng độ oxy trong máu (SpO2) và nhịp tim.
Nhiệt kế điện tử	Nhiệt kế điện tử và hồng ngoại đo thân nhiệt nhanh, chính xác.
Máy đo tim thai	Máy nghe tim thai cá nhân dùng tại nhà cho mẹ bầu.
Cân & máy đo thành phần cơ thể	Cân sức khỏe điện tử và máy đo chỉ số cơ thể (mỡ, cơ, BMI).
Ống thông tiểu ngắt quãng	Ống thông tiểu silicone dùng ngắt quãng cho người bí tiểu, bàng quang thần kinh.
Ống thông tiểu Foley	Ống thông tiểu Foley silicone 2 nhánh, 3 nhánh lưu dài ngày.
Dụng cụ hỗ trợ đi tiểu nam	Bộ chụp tiểu silicone cho nam giới tiểu không tự chủ.
Túi đựng nước tiểu	Túi đựng nước tiểu có van khóa, có loại cột chân, dùng kèm ống thông tiểu.
Bộ mở bàng quang qua da	Bộ dụng cụ dẫn lưu nước tiểu qua da trên xương mu.
Hệ thống dẫn lưu phân	Hệ thống dẫn lưu, thu gom phân lỏng cho người bệnh nằm lâu, tiêu chảy, không tự chủ.
Máy bơm thức ăn	Máy bơm nuôi ăn qua ống thông với tốc độ kiểm soát.
Ống thông nuôi ăn	Ống, dây nuôi ăn mũi - dạ dày silicone dùng dài ngày.
Bộ mở thông dạ dày qua da	Bộ dụng cụ mở thông dạ dày qua da (PEG) nuôi ăn dài hạn.
Sữa dinh dưỡng	Sữa dinh dưỡng y học cho người tiểu đường, ung thư, người nuôi ăn qua ống thông.
Ống chẹn thực quản dạ dày	Ống Sengstaken-Blakemore cầm máu giãn tĩnh mạch thực quản, dạ dày.
Bơm tiêm cho ăn	Bơm tiêm dùng 1 lần để bơm thức ăn, thuốc qua ống thông.
Catheter chạy thận	Catheter 2 nòng, 3 nòng dùng cho chạy thận nhân tạo.
Máy bơm insulin	Máy bơm insulin tự động cho người tiểu đường.
Phụ kiện máy bơm insulin	Bình chứa insulin, dây truyền và dụng cụ gắn cổng tiêm dùng cho máy bơm insulin.
Bơm tiêm insulin	Bơm tiêm insulin dùng 1 lần các dung tích.
Kim chích máu	Kim và thiết bị lấy máu dùng thử đường huyết.
Dây truyền dịch	Dây truyền dịch đếm giọt và phụ kiện truyền dịch.
Khẩu trang y tế	Khẩu trang y tế lọc bụi mịn, vi khuẩn (N95).
